componente_1,componente_2
-4.168461473736752,2.893626528165121
3.550934995116737,3.1146957928421544
4.926500678848236,-0.1847130624075468
3.823267518530542,3.409679194735379
1.7954305204891936,-4.607158923833216
-3.6327795316229228,-3.7716623434877694
-1.7669784615723025,-4.899670324206213
-1.7148599036667131,-4.658479659166697
1.1613838460451216,4.829348617168026
-0.13438390659438815,5.301330185677058
2.044666856870825,4.5753103967755
4.418677770031027,2.494375781421861
-0.17008888497079672,4.931509575806125
4.488849698768671,2.5634146694637328
3.8641786512519856,2.8632823948636954
-4.774807037540649,-1.8811556955307345
-4.726633107870299,0.9863736718264118
-4.753675705285318,1.4274187012806518
4.8283962711154995,-0.6062799438726257
2.2684847884532178,-4.473510960194887
-4.609445312837855,-2.3054728635912944
5.270567423878259,0.569762553125723
0.7315069808001103,5.110377669778533
-4.442124353791083,-2.2859847394439012
-0.0377795867729768,-4.977017390308548
4.708615332941675,1.2355654374163945
-0.6296578138999656,5.01289200173892
-3.797378119309837,-3.3407964429615333
4.509561460247984,-2.4060302227063737
3.2627392751848587,-3.6748154870924328
-1.1751305321316587,4.988854394825766
-4.658054229518209,-1.3060276073728838
-0.39404602983572656,5.107436489679982
4.896516792561047,0.08590279050552897
2.806043912024616,-4.17081582945128
3.576827909532959,-3.1592057987556834
-5.158634472522097,-0.048004031048366834
5.11489236181353,-1.321535124760824
4.599188165505342,-1.4896130769863254
-4.752686830264599,-2.256816108167457
3.7097685112733276,3.472575906932358
-4.498542151378579,2.0612392522841376
4.532008594315573,-2.113435381935432
-5.011438425193271,-0.07936732620403784
0.5928424481976864,5.2273822796784675
-1.7332069782871444,-4.7394887109732355
-4.8334341474072104,-0.17041919102360076
4.461767146941664,-2.2764918433592576
4.344900352984868,2.5760898020537306
4.008178789775785,2.658429994329161
4.96018786644473,1.3621016205595227
4.332591233451498,2.2961875848442777
-2.000267334423074,4.445830552084461
-4.732457401821837,2.3937361621004265
1.6709199156312098,4.6611993837413195
5.101883235293528,0.0926419137811005
3.145610945252474,3.596714933250259
-3.38090733721535,3.6971371789164786
-5.102414911381943,-0.36416030468656885
3.6111178440567606,-3.366713130759461
-4.91095500418791,0.13082676342951502
-1.4894647113994635,4.792496704868815
3.267059460285823,-3.674967790750919
5.10840463944301,0.5428511817031361
-4.758162425129478,-1.0368807582449338
-4.836681875531654,0.16599940847311825
-2.0118063187735538,4.490182294974657
-4.8473621473483295,1.3085100139807486
2.5838159790082127,-4.3682153923368965
2.590741166235245,-3.8950231310660484
3.6369723431582948,-3.729991108681149
3.107270509996892,3.594098146242978
-2.2968306961412783,4.462968154724438
0.04823788652386542,-5.323938324430328
-4.996932148651231,-0.2919343758593294
-4.146761935914747,2.1282523888953144
0.04406416601576013,-4.868758745621445
-4.806278133941177,1.9686918573416536
-0.08904334281837152,4.994649536317365
-3.139771395786627,3.646995402979665
4.025297722018332,-2.66279127648987
-0.9081063187756111,-4.930872032637823
-4.799178321632556,1.0706759839252633
4.206446071835549,3.0079519281187665
-5.022761865880937,-0.3891971635652335
2.706578295764997,4.241900059845557
4.880696605303403,-1.339752345768934
2.519116989495738,-4.436052311735597
-2.3841061538086894,4.30914578657093
-4.874933536283765,1.451061956107345
-3.3098145510627184,-3.7737519350921924
1.2328308394489487,-4.803291463521225
3.2697839704565372,-4.095301934033989
-5.229881709905511,-0.5477713738756579
-4.650778568725052,-1.7709120993652465
2.5212100960527617,-4.457394004817228
4.8891770241268775,0.8675832291297337
4.4850115004551,-1.7774085118237546
4.929412139947485,1.2706556306030259
-4.2927683454240935,2.19548681703112
-3.2417857094970595,-3.6212353486739803
-2.1031074737379085,-4.5061872167999395
4.515572153201036,2.1718063539497368
-4.863758442252367,-1.214425794167689
-4.8439962493422435,0.720387619389418
4.753416911428359,1.0077753993393535
5.186774459093032,-0.4994224263605471
-3.7047666387018623,-3.391144461862438
0.9320835046466495,-5.104795755731549
4.890976872127135,-0.5261911027202808
-1.0775402524835707,-4.936298150855016
4.112290072596886,-3.0138075445985026
-5.032335230034713,0.8980709307366371
4.547522655145631,2.36612636275364
-1.5427979349567105,4.756305612599823
-3.6103181618087006,-3.749660154757509
3.130167478500827,-4.353810290353549
-5.043843220602238,0.450177803281952
1.6843280285363782,4.8854362129834525
4.29959962126355,-2.70416941376451
-2.7919322369976847,-4.500300652160932
4.61761418042803,-0.1401634077665223
3.0701667656005767,4.208780660145208
2.8895145131468376,-4.176047055162008
-4.7646134183827895,1.4807184088023664
-1.1450589369889843,4.879487292431004
2.366976944428454,-4.414759426890487
-0.3304818428488225,4.923772831497164
1.700252088332484,-5.001483382224626
2.153312849327858,4.788507068516252
4.250039572590881,-2.1553834355457755
2.7226764347245056,-3.9936354639326
-2.994914148427404,4.1226196181166666
-2.843068252496578,-4.243348997550644
0.4728941169461773,-4.9081114855734285
-4.717113757177662,2.0411896060507364
-5.044053729611214,-0.4036414668109947
-1.7293827745154737,4.660834323783001
1.6114543236597685,-4.577410818372498
2.9346986943184454,-3.9046360465990544
-4.978841933496481,0.6950132211867001
-4.032181835803547,-3.107313865736286
0.4935345738242129,5.1092510111058465
-4.711274743993248,-1.5684977451084268
-2.539033330100081,-4.335667118096783
-0.3526527150156758,-4.845077424637189
-3.1368322691392527,-3.835734041762228
3.1750033870316297,3.707824819340839
-4.066734691467436,2.767229275043057
5.085319762659528,0.26466542945464416
2.827016109300587,4.142514919797764
-4.686799678665269,1.156246676065457
5.184058607960009,1.0178991094070704
-4.464165823066226,-2.13057050059821
5.126269698574624,-1.0632199134559888
-4.882860961460607,0.8157630305937819
-3.784286483955715,-3.287939508043013
4.283163562369419,2.4872291962913673
-4.854064468072344,0.4149057533448173
-1.9579477213058685,-4.815978418125444
-2.5409790185652015,-4.37939619818983
-1.2996191597509505,5.131401992721169
-2.265911014516324,-4.7259843403537936
-2.0219959253572783,4.7582391425324735
4.667168826373383,-2.657035457264526
2.410202412236938,-4.218182486428371
3.9095274581545767,-2.9917943261858637
-5.020327346873051,0.9229831173040159
4.941667325753386,-0.6809993806558416
3.4942944535030422,-3.797190866195102
-0.9240761076703004,4.755611441686083
3.2416958261583972,3.624599014695434
4.922231149329218,1.1149285576648622
3.0328589966819837,-4.033264741267265
2.0240458694254446,-4.439946344567833
-0.1919838968668809,4.825880091278647
-4.8920452211807115,1.854234766004363
3.621178072359077,-3.2786062212516236
4.833873576548903,-1.2862478262538863
-4.540974813607854,2.824217740195867
4.955655120831404,0.530979511445588
3.288262982393804,4.070285961859085
-4.9810201796038935,-0.215420790778774
-4.562777161538222,2.078101443965011
-4.760640932213627,-1.2398706455834296
-4.841837103476661,-0.6676651009960285
1.4150440632363086,4.7648657297753765
-4.506283265611323,2.1225886561089014
3.5566885601585216,3.254607805719722
-3.2231486808306715,4.003085079639448
4.088481550087456,-2.961997975395311
-1.3415286787366831,4.550137535633442
-4.535239808837244,-1.4524920315702479
4.266371328759943,3.0654035076972157
-3.783691424075706,3.203044870573268
-4.211630632191267,2.372772966561845
2.140799174702886,-4.531932781466441
1.6318948712706831,-4.683258919403021
0.33087931911808094,4.854778680079034
-3.1287610743485703,-3.649402736943192
1.0545234620902149,4.927990659156953
-4.247945216254785,2.8567924547566905
2.7184052362475386,-4.304946526294712
4.80429919361929,-0.514814720549923
-5.079531245765693,-0.02866496978694976
-3.062757519027088,3.8450247596023797
3.556136873756274,3.3086131985270066
-1.3142344855413308,4.782440998376927
-4.204479817316317,2.7320259285250534
-3.1884762972645118,-3.890366288467498
4.72475602900334,1.528022671181196
-4.901767702892387,0.8997980519732725
-2.3984255917593233,-4.317178993315078
4.9994346726925,0.24797802232757182
4.101403312909213,-2.717897435122747
-5.056364870275915,1.4629991619567668
4.351583593159404,-2.3108261257066323
5.140790575071796,1.2554960398734256
4.369679825395565,3.077938947856393
4.639117789518804,-1.7663520846195844
-4.7602522563303316,1.0714441251197546
2.0791958879599273,4.474061365149707
-0.9718721352328948,4.859756570584244
-1.113080475355843,5.051775488638258
-2.3641057716723974,4.407013899331209
5.166957703918136,-0.04743218756223939
2.7125761777882103,4.177331472957577
-1.1137668561342067,-4.919991213490081
-3.0064973030103195,-4.004324008967819
3.894903898467696,3.1292511158905896
2.3628304560605464,4.16802934053528
4.7661297183306655,1.8858436019032803
-3.729682045396613,-3.5214547436656014
-4.918521993763455,0.06677302473025544
3.4058786117770845,-3.7300547413894907
5.012120253266711,0.5730118882823302
-3.9945419381270773,-3.5528092027774174
-4.723675658683908,1.1588212703975949
-4.09608386351046,2.932595756940846
4.3610968991666565,2.1200088077622374
3.120711625141643,3.968987730851786
-3.0218497802406956,4.3279626367443
1.0630666534343742,-4.810545400526974
-1.956739506506235,4.38257586112706
4.854786803112891,-0.8835796625368021
3.1622384204986065,3.927991887200556
-4.729167403478581,-1.395071626047151
-4.525300592996627,2.3122449256633333
2.296745289419199,-4.326719726388576
-2.1058961757880086,4.545343005613815
-4.609362311925964,-1.7692562091421018
2.6030917255703234,-4.428043881423084
-4.12994241053044,3.3334318679541846
-2.334067985837516,4.690463515672156
-4.6121235541641585,-1.8305800883610455
-4.351142661877242,-2.4135303533628583
-0.7763552480846632,4.843699157755879
-5.082864419718634,0.03553842840246633
-2.865440614732268,4.141169337611434
-4.552335423404439,1.4131379358994451
0.24066658384227668,-4.996913105948454
1.6355933905134483,-4.5140610732677695
-4.837578116553547,0.2287272139699582
-2.875721774767307,3.8673168769491415
2.5384784051758764,4.221029339514391
1.001929326546622,4.775316735728391
2.274935529074011,-4.364278046166895
-2.8457023176181124,-3.9243360938215357
-5.043920329998305,-0.20108162687468695
-0.8117553861213822,4.592697793845823
3.0547234656590785,3.88861541342259
-1.3401387943065268,-4.661816753393113
-3.8790960718893195,3.2609572294811997
-4.082107289940769,-2.919696265725713
-4.0961544015353555,-2.638807094896812
1.5220126810809946,4.714105362746567
5.123674293476031,0.4157548470201043
-3.9790157975572606,3.0136516093724706
3.555217088994828,3.3928532947626127
-4.104583833645406,2.7952961699330534
4.235472604059874,-2.2756942999666396
2.6294326059733244,4.217152316499492
1.2720035102521625,4.979242444121621
1.5464662037348007,-4.801555959014465
-0.7285784752679679,4.893664922463165
-4.359145804769693,-2.0431392782241677
-5.204480753183238,-0.7665139580167227
-0.5226950446103591,-5.180141398539292
3.605537577063205,3.4022154806447986
-4.711249562105509,1.535615800664716
3.4235249504352616,-3.6442161334137793
-4.087351901229092,2.793351213562564
-2.533984331951562,4.325134322876579
-4.647068149259605,-0.9871161119814633
-3.896509885286953,-3.248936159351592
1.9476337236834154,4.716309435374458
-3.672875725997408,-3.0485896591550974
-2.3561765019644145,-4.2795076832309
3.3405241681389066,-3.5052278800422414
4.615315045886373,2.048221923832919
-2.5896816326422667,-4.359713945917573
-3.8096302230895236,-3.3644997740187748
-0.1619320804017053,-5.348713378829581
-4.559568460257092,1.7604105484813262
-4.0955366532028465,-2.8519493647963934
-3.765873436450577,-3.5489242331678903
-2.9110773118524276,-3.9937761955830657
-5.028609263076835,0.7132780097810734
-5.123512331032419,0.5362217281239441
4.353403291711476,-2.597468500639741
0.26626300832566085,4.938329057947806
2.750481169203018,3.8121183006226005
-3.039775610145839,4.333716864728823
2.979355905887804,4.38112343905896
0.04214902889339309,4.878096362297751
4.757830261109509,-1.3621834569691287
-2.4733708652104047,-4.328585671274992
1.2392541048239045,-4.571874328828326
2.0320948152523233,-4.43606321441303
2.3599024749313235,-4.264632194411519
2.2252090936159212,-4.561543313318859
-1.12442349705394,-4.522186110992671
-2.848919353077418,4.039606168941686
4.63598441587565,1.842120119399072
3.766112750772275,3.5153180607074797
-3.2153555469014963,4.12381353519089
-4.787514447053392,1.1602949615492102
-0.22513174534973995,4.944419525347482
-2.645655392151862,4.236004581504337
-1.156321512448468,4.784490577843365
-2.4234534397957996,4.269093466199859
1.1490949980316785,4.886538836465585
0.7614469652504076,-4.723903764714978
-2.4541502555483645,4.2163933275257435
0.7694769876421946,-4.98392388210501
4.029586259637005,-2.948954955709253
-4.5748458740245965,2.179848781529041
-4.454533050992207,2.022635560023616
-2.7416229658308064,4.473139890396869
-2.4100936014168903,-4.091335850277283
4.448941741111078,-1.8259836454287568
-4.849077684097532,-0.2337251948875413
-0.12142158307964246,-4.852009300593017
-2.308074694731306,-4.482899605238989
-4.350557570824257,2.3425307312981234
4.237030160642963,2.3761303169123003
3.9825978006011558,2.8836700019906933
-2.959725587807625,4.008470861228383
4.9596457598897326,0.6576525105970414
-4.6379137889228925,-1.0004785975413568
-0.9847985165161789,-4.911607685226445
3.484902663273128,3.3319088307654177
4.327680010445786,-2.7813110196964645
-0.4019259865565433,5.003032093965409
2.7148898417084055,4.176674332009509
2.099580175104479,-4.351868227415044
0.2444442759318633,-5.188584905995562
-3.54618507680839,3.5698777478669936
2.9024843486567953,-3.991980688520003
4.5789640034116825,0.964073769659667
4.169519068621702,2.9666060526275477
-0.8683423621061378,4.961928590078473
1.8701059690412294,4.556978441128268
-4.827065168087386,0.9731799350263809
-4.113637286183919,-2.301742209865993
-1.9669103803434498,-4.763750766453341
-4.303515805303155,-2.2124739871252985
4.915966444017911,-0.31882328231021856
-4.520704416754413,-1.7393961977105044
4.942583958955288,-0.9163725689742418
-3.4862474287078697,-3.5901000469289275
-4.171288027514629,2.701640854867737
1.5088066019931312,4.705575961347496
5.022372896957588,0.6375746242278801
4.215849830655419,-2.7988472056013167
4.120924364517733,-2.7357661623883174
3.9100256168927143,2.7394787789104784
-4.344291959882324,2.94288633925803
4.835345865299736,-1.8741609436086242
-3.7808665545676963,3.100511008005682
-1.5581453037488064,4.67259940762544
3.901209196878524,-3.277582092769473
-3.889762597225309,-3.187513824092054
-4.350495719665607,2.7416829281604653
4.69709791479962,-1.367821727766378
-0.49353044564005566,-4.897829765003507
4.72402239638082,2.0074003854502713
3.4680760946509706,3.729063673465246
2.27660653450167,-4.8284149093084885
-1.6574676560205324,4.775876613893744
0.9406877015537101,-4.898985584388686
-4.612860423877629,2.016607976202156
5.172373758907269,0.33852869254005935
-3.2925800801023124,-3.1023827491869223
-4.955094630641235,1.4852637439859375
0.16149871857805437,4.832108919070968
-2.8784780365254723,3.777498586919526
-1.4850869031081206,-4.818134258444049
-4.783268584327922,-0.6696703870045146
4.6599299679738815,-1.871077219991927
-3.824693689656091,2.971085677009965
0.4241067211623533,4.820537946472902
1.0860848465289221,-4.9181312141247515
0.30737733482619783,4.676760502014729
-4.132071784164834,-2.5227937179774096
-1.9344461524640737,-4.225387345532443
-4.862092447218983,1.2371588330265693
-0.9245883587655868,5.004448722567438
-2.1082776812087705,-4.217823521334523
4.221977657307283,-3.0806245408188055
3.6203510758566058,-3.3899437764364
-3.5095993310255316,-3.582232867317385
-3.04623985995767,3.7401693651157712
4.958284759352625,-1.4686749930251728
1.6228918037506717,4.885943814798405
-1.5704430505552585,-4.5466948517679935
2.3345690751767227,4.488474118014467
4.4438412673060155,-2.2747356334848687
0.8919052103340207,-4.882087043918193
4.007552647975488,-2.814490193901354
-0.7994358909915089,4.895343513146555
0.7557288105326986,4.897643837669401
-5.149525567412943,0.982210111643246
-3.2942999419220347,-3.8634476208282336
-4.909507707815445,0.8449340970196335
2.6898780190025584,-4.038120824331249
-3.1904981489745574,-3.338230119297095
4.886047348017586,1.2889601850221828
-1.110020734868714,-4.840070333318012
1.4129968660963752,-4.561767934249416
5.1095908560896355,0.7525416713886912
4.527371154625431,1.5400910764285343
3.538381778095905,3.2520808607617977
4.988395236320511,-0.12772301342386524
-0.021686311284071575,-5.286527016780798
-1.4614847627771705,-4.999110140498477
4.878623887026586,0.9312176363483274
-5.284238259819553,-0.7179844818431125
2.1354737884145902,-4.737203201453564
-4.919536178834672,1.100286801389986
-0.6629954799919974,-5.044959741644381
-1.884791930819019,-4.642170295464668
-4.070691677570368,-3.0440691141456306
4.651937419643267,-1.7274514964973822
1.3764244533886867,-4.759768734731908
-5.001693818437901,-0.35088281379968356
1.7551339547166531,-4.840605459263293
-1.533153731454431,4.886230607829966
4.619350457810714,1.8938169441327901
-4.685966104506313,-1.7007413675704106
-0.422608733192826,-4.884294850306812
2.392337650014343,-4.34443538752094
4.835285468598131,0.605778400398521
-4.898935451127256,-0.6948586496612322
-2.7648763515938466,4.199169303870978
-3.607442127219744,3.5542947878495452
3.6409929443625657,3.4589395942206895
-4.970952583486969,-0.8000641386217192
-4.623433666661694,1.3224478254765204
-3.6183962161494225,3.569374732230609
0.7697841880228397,5.043470617764606
-2.6324041719731763,4.155459962061704
4.46048691793706,1.7266280214284013
-2.8600008268077497,-4.159030786676139
-4.710819422566001,1.1152339073281363
4.938498374672327,-1.0959770340074404
1.867162487488853,4.299558715851022
-0.9062734442172017,4.808309235384344
-4.523442961687788,2.1628559200141106
2.053970473743314,-4.533475944854364
1.0113847735753143,5.10014434217132
-2.8723609124686122,4.14999115966028
4.775251002456031,0.3236259420192568
-4.264658441473787,2.6814615862277424
3.0775685629522456,4.163314179367305
-1.8192270349163073,-4.689948103682561
4.300363116385874,2.856063768531069
-5.030400029584967,0.24829038681970123
-4.633171789371803,2.024676228073366
-4.259470936974451,2.4746832759639914
4.598963178837678,2.094976910569044
2.364790543950723,-4.251791119781043
1.8562836724406813,-4.499031768602689
1.030611579567023,4.99459098777978
3.2457044286402694,-3.4643669590524473
0.964472506688295,4.918098962324817
-0.3297969607053205,-5.011427088244512
0.869116220993667,-4.970207794575921
-4.8382796640586525,-0.6356042777351265
-4.82561251148043,-1.757184648691103
2.04934173668546,4.598638724181149
1.0706123331569921,-4.744244392738778
-4.000992086599379,-3.0846618846088294
-0.6073701670055499,4.703470136909256
-2.815679189550676,-4.100318313612555
-5.089306015879257,-1.1205702980205758
-4.898960294575314,0.3720734174848538
-3.0505181688395533,-4.260878080685335
4.485819818591577,2.022890654656702
-2.828067220092758,3.9119174133791788
-4.74297892124604,1.6842244625786313
1.8742852985292011,4.599385554540004
-4.615554145132464,1.242850324162059
3.9579349689568812,2.7714565005444594
3.203025445821409,3.7267040559624895
-3.3518024405393176,-3.6419048755624646
-1.4268023673225458,4.773336470869607
-1.488197417851979,4.720741591362192
4.226891236411141,-2.7422114598764358
-1.3128537445337616,-4.828304822770578
4.254435366101176,2.394949682086696
3.2089401080611593,4.0951721767387745
-1.3462672800185658,4.796867878168935
-1.2606290196536416,4.651086151986358
3.6717681100195603,-3.429350173208641
-3.091169675457345,4.096304762805329
-4.662590185433591,1.8952691512763093
-5.177113351939696,0.5292491895513741
1.8761428121150958,-4.5447582271835305
-1.9683265287510145,4.580077121376078
2.099625421265944,-4.289279577467203
3.9231391262453164,-3.4943122182962667
1.3887337246297167,5.000070614427723
4.788533468536187,-0.8392615881305922
-4.122143800233451,2.8280573533220936
2.5028547347628156,4.302360448199003
-1.4743371875937716,-4.787193702603879
4.273028151730625,2.6349025877575403
3.5470437798778462,-3.357790119824416
1.0723465255086424,4.811784448816303
-0.8189547736124376,4.780427154213443
3.8563316085908976,3.2149253002687583
-3.012197589141769,-4.0830963049308755
3.543170994091354,3.059989408467481
-4.468562996844083,-2.1034803307802585
-0.15761176141597566,5.079042085017117
2.5618273245344803,-4.556287113530559
4.593972099414825,1.8838282711669032
-3.416712084440785,-3.3895365468769785
-3.6614113252092624,-3.234729959495901
-0.18712849831141473,-4.9468363586018125
3.314331025668895,-4.157813869640395
2.914287892695661,-3.8695567971871867
-4.573231426230457,-2.2721225804636074
3.885066513959832,-3.0734930314135647
2.639145795933798,-4.06226478826338
3.368275289190659,-3.618612521904953
2.900336072734254,3.8623917562736354
-2.6677440195379343,-4.337690798336936
0.8272382795148701,-4.795097486729652
3.368071651776756,-3.828338154700833
-0.16815494035945763,4.960659685398414
-1.4010571181559366,4.948796291272573
2.0523436793247294,-4.815084885570963
2.5474972372082405,4.414748709006259
0.11708846544428574,4.968844266719523
-4.514325677137927,1.8800392422076935
4.242862026974598,-2.5263145525363226
-0.5053827164762711,-4.990045220833312
5.055766574025022,-0.18769654305884242
1.218877025029341,-4.590060851380528
-4.813156906403548,0.9875938059633997
-4.777605677601973,-1.0809046711064974
-3.6173806615964805,-3.4083669058585873
-4.290195616272903,2.8744348157173856
-5.035369366591268,-1.0832143941865158
-4.959264288043299,0.41373796857310235
-1.7563449038954564,4.704499262112427
-3.577442633245289,3.372646312625939
0.6687763964159337,4.941422989984254
-4.72236439420739,1.0528874866750784
4.032364456033533,-3.1840963716184434
-4.32008989392023,2.8428558777164827
4.221393802112554,-2.417781290632614
4.808608283158716,-1.5013467837562138
-5.043572563146097,-0.8295414084009596
-4.431546028519918,2.5297448024353217
-2.7993206538795876,-4.2223311864441895
-3.95122951274661,2.957960409656429
4.309562830958454,2.5325857381699395
5.079846588535871,-1.3932825107211102
0.7281672908117178,4.873035837256492
4.560479948933153,-1.9112555228621275
-4.962662569582175,0.48663887131378436
3.2236445823139244,3.7141308413343617
4.8406132362413254,0.12753632975332904
-0.18479326184190784,-4.872718189271675
1.3847638688770239,-4.971032720614451
4.335226533611457,2.380150536985309
-4.88518425398164,0.8602944053238387
-4.910993940921047,-0.8373599321923049
-4.338772390442389,-2.6382242031084013
2.861943141890818,3.7904738291799847
-3.4862656686434956,-3.6354737418161625
1.1245775215745888,4.5692741548313744
3.7850803609232258,-3.358289348797522
-4.7577025726753215,-1.5096949656337253
-2.806859510302702,3.9964008325099707
-4.923794899336093,0.14820256882596466
-4.53963845249608,2.2248416328506084
4.482818382300583,-2.187337810389398
3.1208540257283346,-3.9723339764029086
-1.6955095294313753,-4.439427134423131
2.179045532141328,4.986410331546932
-0.8707369658828148,-5.101355706796948
2.922375792076604,4.4010643145195605
-4.9904584205686815,-0.32481572179947343
-4.568217667535537,-1.4202711754123258
3.3591684427440653,-3.8190528216386577
-0.5148743424860275,5.092155787433969
-4.7384238857869505,2.0724909451822016
-3.2573202675602606,3.6262186181697578
1.3553215094618527,-4.91895657920584
-4.315849365737634,-2.5168851739703118
-1.4698834395947225,4.849451334099825
0.5031376302630066,4.86530405917997
4.615098886301819,0.8151268169110427
-4.22795417308416,2.6180765296212702
0.8476826399324929,4.965967775598094
0.26977359756953107,-4.962161504135838
-1.7399509237367006,-4.305630322417175
-4.713874550661444,1.8849865269525043
1.808905390488715,-4.682545824490055
3.9414226300701936,3.0127264989882017
4.501188372044015,-2.074928448758221
4.847637850104542,-1.2196617405499615
4.946435524762938,-1.1163854039369367
1.4264090501751285,-4.588223230544546
-0.49212834371876835,-4.795822562649362
-4.801673493285115,-1.843114474212274
3.2049318878148956,-3.929393237706541
-1.47012851907035,-4.7015058766295486
-5.159792724913695,-0.13652918673542552
-4.137460050165361,2.887309777115673
-3.4359797350928423,3.7847530806536667
-2.857783510403795,-4.421207716687581
4.306499302277658,-3.061718960672986
-3.4671326504410747,-3.731764870964993
3.5945266282651933,-3.176170926052804
-1.1136195229358976,-4.751058681306938
-1.1214133526624614,-5.21100802796521
3.4376517506254696,-3.4542302271403735
-4.990565064103013,0.4070596467903365
-4.52369270810118,-2.060001509422784
-3.679583839171523,3.2449015849029617
3.739830391265146,-3.5073988950825266
-4.80938233286019,-0.15016049094495662
-4.29570026432682,2.3340416958210546
4.610368251822384,1.1736772236145019
-2.395968920561629,-4.215817905950526
3.708251590052112,-2.95838349501201
2.756414927642718,-3.7708953534348235
-4.622757507106051,-1.546166274952941
-3.720348057958539,3.4546121353624075
2.891452035249691,-4.1566431004025715
-3.383139752646092,-3.942484432924054
-2.540926821785243,4.1696030435944795
3.2576018883621902,3.817704894630244
4.691549235611177,1.407817165151731
-3.5995495998942926,3.703599659923198
-4.98073117775603,0.2840117561114938
-3.962175307249439,2.8483309706193722
4.892107981262106,0.30384072381324356
4.284811584409687,-2.8457992180168565
1.1843418070267675,-4.909556464273577
1.9821036364614295,4.4517325674984285
1.8676843748292833,4.677389865754937
-4.1230320583747,-3.0875603050205314
-4.519434723967699,-2.5779471979800066
4.287213026496138,-2.2865567118401757
-1.96073904861736,-4.3903652570732135
4.457982926895703,-2.3307798433537275
4.883359946059064,1.3711694471314495
-4.1552967755392975,2.569899657683552
-4.008349492107822,-3.156362725734191
5.025204011545608,-0.11470726916547903
0.3804913490964873,4.710925660702149
4.996482849085386,0.37752132970532176
-4.773527501026522,-1.4298783849757402
-0.16304500627053675,-4.814287899614326
4.579474920519619,1.8692096652393186
-4.948410172052092,0.8720991398828815
-0.7250643324159057,4.9011211400694
-2.7485238387530835,-3.866398047256181
-1.8545305199152602,4.56908094131142
-3.282065799607653,3.744095295299692
1.5353200841755366,4.9032917519694585
-4.041896601501972,2.7313595795852543
4.659102431157616,-1.6037714636697729
1.0259075473594736,-4.755691012050092
-5.027484748783283,-0.8751881677820568
-1.0457668671971023,-4.95613897197412
-4.5634773702906495,2.2567490005129955
0.7956431359014626,4.8549897130040005
-2.954751840100455,-3.719794547997186
4.1342958781789445,-2.6965053005402506
-4.305320134582127,2.6317891175187746
4.871867600800969,1.2216825441336367
1.3883914545503726,4.749490733951982
-4.339699160285472,2.662519013491307
3.2858397420286165,3.843875741652479
-2.423261877105337,4.47863294703817
4.734852777589339,-1.212949821090363
0.8372833049777709,-5.009281710583799
-4.89030370193507,0.8306785804676465
-4.846942536862393,-1.2315498738228465
-1.9039649521544328,5.06048080502259
4.927999766869717,-0.5963276299626166
1.7374483063721098,4.629200651135952
4.132354848884922,-2.6158268170193746
1.0135462379156814,-5.073812922431505
-3.738843374190407,2.9775893659233366
1.0834494289280188,-4.876485840183966
-1.1642823909523476,-4.586124074445648
3.1817352173824545,-3.717352653139599
3.42026444015802,-3.5220626166386517
5.044041419725673,-0.45707232098516065
1.5952241704158567,-4.717954830252094
-3.486727837264613,4.009085129551673
5.144977733280475,0.7438193977383759
-0.4142356016162901,4.752259312608534
-4.07921042305014,-2.800441482657487
-4.998575308134759,1.519811935828942
-5.01714569684424,-0.007525711858849632
-0.40852921847657847,5.127085213377124
-1.6676426901094263,4.666890706929343
4.025396095841381,-3.12888072437147
3.3781495244938307,3.4414391728588583
-5.108103439535741,-0.5644694603957109
3.2466135367178173,-3.895924597213633
-1.941484327282793,-4.4308859414920185
4.905991099194506,-0.249642283722346
-0.38648170223442796,-5.18447306306289
2.333120246097473,4.6794768838181255
3.3120879519184565,3.598646731911626
3.7285524091525595,-2.941858154326078
4.611367935709546,0.6885466552155486
5.182122139389867,0.6145210915376211
0.32198943922263673,4.819509944892788
-2.072728172620415,-4.352031787707526
-1.5974761798941792,4.706446748357019
-1.1478672047383323,-4.960727694354317
-3.1168702921874307,4.065520365647372
4.793694965464701,-0.35050178779510743
5.14747237977011,-0.6303251718140725
4.596373014138018,2.0460724592861212
4.616478511537721,-1.246224186408105
4.516392157161724,2.080549875265569
2.82711011072467,4.197223351653827
4.7641895314141465,0.18762643124332878
-3.4303035984526558,-3.62452079026511
4.621171883047041,-2.5819723051656402
0.11236097644177073,4.902234023767604
-3.646866898437532,-3.65117552187102
-2.80992173635266,3.9750820601309518
-2.951067304050576,-4.022069753619956
-2.5603382814038977,-4.381855441708592
5.043131118862177,-0.5320495293190718
-0.7693458150508782,-5.0233040268653575
-4.912968853235349,1.3498690348028202
4.902939347463946,-1.0243133478228887
2.1596687303958597,-4.449399574381841
4.850210930507646,1.7832699764955906
4.95636748824118,-1.0430286630126653
3.1789779788748205,3.7864532364229704
5.395842472005968,0.11269453952657299
-5.085124405475934,-1.5395720617371158
2.6427823278065747,4.319603486971379
-2.503838477441442,4.638344403788016
2.2465315636605223,4.391970283414372
2.2018307340591594,4.308799199468888
-0.7220357902332011,-5.075735106587698
3.197594611976939,-3.6552875507920306
-3.214550110540992,3.638725669731397
-2.9675971794704776,3.722344396942291
-2.365632597884463,-4.158320874796741
4.987784373954019,-0.07005141438233659
2.820022615051595,-4.355938917587444
3.5381943290639635,2.869621807511182
-4.278175930154377,2.464367059892429
4.015267736545683,2.6326433695668174
-3.7358666213436993,-3.1780369176126926
3.8118815159915704,3.348752551878763
-3.6024478849003008,3.654939730630089
-2.8363656087313576,-4.34821308649587
-3.468190673919468,-3.7910665342716916
0.7130464293266511,5.128794322958593
1.1090099996021148,4.906378245592329
-4.0587113623634625,2.907032027154954
4.076601177470419,2.595038842654041
-0.5961263709900473,4.902709403852218
2.5342494329598106,-4.050564230079355
4.890449258462321,0.2984749402017426
-4.723480172120022,1.3852945481701333
-0.8278639132155579,5.001763185711052
3.3650526206391107,3.4642722341597616
2.5356104972602784,4.035418152595374
1.9781773976387995,-4.570496872130897
-0.7988577728765917,5.0273722551905236
4.450000434679168,-2.4493215552290195
1.7548835533921083,-2.241834236045782
-1.9983069082341385,2.426101542034804
0.36618825344686273,-2.8456024816376426
-1.7914964820707882,2.306023794457161
0.9348070564463016,-2.7711591356479843
-3.021822784673496,-0.13024843658834653
-2.806181570777324,0.45159350623514427
2.2798320020517444,1.545817960240054
-0.35069368871988,3.0482717364041316
2.2858572945012314,1.7682635554136317
-0.20847696367929736,2.8470851939644235
-2.475397397179744,1.996961345814888
3.094432017368642,-1.014569143249845
-0.9979071169295332,2.770189362768718
1.748574387082316,-2.55102986781276
0.874228283599277,2.69804115145124
1.6386701620614967,2.490345056388216
-1.9230239941590492,-2.1820811108025224
-2.7011465656775315,-1.5616053248742214
-2.1863855700664647,-2.135576905533317
-2.173234749943095,1.9377860434786023
2.229700934331183,2.0391555455706345
-2.3458792727568527,1.2137884276495503
-2.8032383365471003,0.9885578091242552
-2.294159018109553,2.0569188841979242
2.5065217827100255,2.1855701460501784
2.807338537116965,-0.051374293718100456
-0.3213830001390582,3.0661768730374184
-2.92991435794209,-0.914307271490965
1.2259282843246595,-2.8332898468083108
-2.217357817365918,2.0961230774444477
1.9094021295110666,-2.1823105714884754
-1.4510118687028184,2.6047314410503724
2.9983379667563446,0.9244030876249472
0.09097694717896396,-3.060832580897392
2.6395099811590557,1.1264098303132173
2.526865092800584,1.7762836168546934
-2.3701299482375062,-1.8265384883638534
-3.006131068564534,0.975959462015369
-2.7478425097183354,-1.213194721744577
-1.3684765777773604,2.6790099361540176
2.702937110062328,1.3861165443460677
-2.479770375686508,1.600946873624118
-2.7638022154200206,-0.999462431152815
-0.6826944257973878,2.9189714079295075
2.047481571202925,-1.8556344045344786
1.476764625756327,-2.508904158789359
-3.212681487373639,0.4503715844843462
2.982230580779684,-0.22040742717338915
-0.8626736125551017,-2.6931259626300657
2.520056300872496,-1.0438562059601404
-0.07451554511395705,-2.8889893489480207
2.8305636396754976,-0.2749893536623339
2.503350903852482,-1.1457826255931902
-1.7747239139199726,2.631112557882096
2.3470700000062994,2.1916655109523466
-2.576811366091586,1.5589219455311383
-2.897866303709035,0.8543589157072833
2.901727396482865,-0.7885730025256701
2.8805860096013722,1.3353384976077434
3.139056512260297,-0.1293424945727549
0.514279871022069,-2.8586257019742884
-2.36025354382885,1.4874493153077626
-2.113400187805464,-1.7597909049955558
2.4070718425491826,-1.581134453914819
-2.639506213897487,0.9785899123106891
0.5272347898961268,2.809624612782664
2.7730545010753995,-0.7193189747522591
-3.2539243431520783,-0.4396953742140288
-2.834546151043789,0.83516343646417
-2.8763589922337207,0.29306596706127214
-1.798576236490845,-2.2725366643760747
-2.5201997731201877,-1.594659858393605
-0.8160320248523258,-2.8731971756809207
-1.2037090011542586,2.8162116754738498
-2.0322111637998086,2.275540452682262
-2.6456029378324457,-1.486111121993069
0.05778120788435279,3.2349217181529877
0.71698475684592,-2.921741540292897
-3.046540196318015,0.4096371689177724
-1.2373378929866456,2.9177636816239914
-3.1737770732148998,-0.5503164639129792
2.923410661469481,-0.9291266164357262
-2.5037532321786613,1.6499809016673308
2.7722495439019275,1.218702418722105
2.8457475247831585,-0.4859445139233706
-2.7983200746426578,-1.339130117827827
2.2094810121888657,1.8637959894481544
0.21496874153026138,-2.9728459247621744
-2.4755067891158475,-1.9883179874200918
0.8517444461381898,2.7364905516329587
-1.7470101039340467,-2.6122268931613855
-0.9182039318359281,2.9143978714713077
2.851226581431083,-1.055273084828331
-1.1368485415794563,-2.661662828782735
-2.5206053055567827,2.0223670243672562
-1.9477113990539396,2.3094700830880233
-0.6246342554909643,2.732854073892886
1.471375834852065,2.823572032052833
-1.8047470097788734,-2.730230527188879
2.9941295903039133,-0.6028001923452885
-0.24720036069712553,2.9805094614440546
2.9715118481429705,-0.44195263590429706
-2.7800831885317456,1.0387756523679827
0.21319623117658543,-3.1504947021497873
-2.0902792605936886,-2.160307383597817
0.24953983012152023,-3.091758162857202
1.69916855883485,2.6903161729237133
1.643543699061416,-2.4047063139159524
2.9174625556490317,-1.303765108122279
-0.25268855428884357,-3.1839498574210694
-2.958815974391625,-0.5364166317445875
-2.8527295010609928,0.2589246216741235
-2.8315682155121125,-0.358194082407513
1.1357621094180943,-2.779146180327951
3.2141747189115963,-0.04421033292130877
0.8083800695962957,-2.967685426752397
-1.5688710365278238,-2.487089148602204
1.3877051245064405,2.460805112348155
-0.32748238498462917,-2.877935211736463
-0.7365052145808434,-3.023681602206402
-3.1084852478161267,-0.6053199236555848
-2.4280020051184863,-1.7921180593278772
-2.9058615721040133,0.5104708527472993
-0.7346640440987693,2.8896785142763
-1.3047983936847576,-2.6762831943849017
2.1977207175607107,-2.3384784276641737
-3.0167431343470184,-0.1087241418264
2.926146895372752,0.2515792402696154
-1.300279454979741,-2.644817286723272
2.9003772501989213,-0.9330126027794152
-1.8681903746680049,-2.2331973059899046
-1.6023841049867669,2.657163445731677
-2.9084058563828616,-1.2150242367819766
3.0693859016340257,0.18792505100834772
-2.0374226377219533,2.1030304822597965
1.6866869280274086,2.184699519080871
2.512748017661096,-1.8965417086448535
0.8239436040398549,3.0632424546939756
-0.9701472000123431,-2.7993448700884755
-2.6203015336355775,-0.9063851137724727
2.12509088194209,-1.4036664090351316
-2.8653442986312148,0.5713444648432354
0.1530211627374494,-3.0143255081656486
-1.6514088139117504,-2.6872895862787476
0.8485735060536382,2.904769710230228
1.1444761139488755,2.915321852089422
-1.7949646819327127,-2.1654566835909628
2.627550596761872,-1.207599649390718
2.11688304592682,-1.9563077207865718
1.8967204747654982,2.384708463888385
2.192627388491919,2.1726073960115273
-2.9249932128755622,-0.314582691155029
-2.5238207105078936,-1.5617652352893219
-2.281980701703336,-1.2033551709383343
1.606528036297665,2.560786127053011
-3.100126874830807,0.6962121445943485
-0.8961357164236597,-3.0288782961470395
-2.2856807537124566,1.8386933619628847
-2.8199274771765723,-0.7332601448046903
-2.01177476870054,2.256859929785888
0.38100752185867487,-2.839130549851851
2.9527438577641716,-1.6657699816716391
-2.752502115662717,1.621393412613845
-1.6569228252157264,2.664358398791991
2.299099002827575,2.1850952349255026
-2.0660998575215626,-2.3986374218126763
2.10138603467481,-2.163862929815266
-0.510418216794066,-2.8906915483052087
2.210927371964709,-1.7277228093105803
0.0373684250061273,-2.807515494534319
-2.3829633622183017,1.431956176855422
-0.6513547492463985,2.6898082320556975
1.6798472189328675,-2.5701830127190832
-1.9144159619822385,-2.237069724051972
0.7086918628670098,2.9279450207364466
-2.5797079161141125,-1.6868875701877175
0.1421068905780509,-3.0010918031850964
-0.7063868908507214,-3.094925063078081
2.3092806301275526,-1.4717462682576128
0.06579409420258314,-3.093971097547929
2.9363032559848823,-0.6626820548823857
-2.6863065610611163,1.4325313290881616
0.3329537432389842,2.7181052593600317
-3.111548485071708,1.4886616871188043
2.3987924039871897,1.7834386733120693
2.419517689331514,-1.7143460668722443
0.7078424854935539,-2.817397284820266
-1.549386518074999,-2.272771664069587
3.225133933063057,0.6859069644000289
1.6885099606575118,-2.2616024346763948
-2.712597886650967,1.294784265566483
1.5822225580344975,-2.3100373419612517
2.06266188662446,2.067886931131166
-2.285177173260693,2.024227699043366
-0.7204384493640507,3.023166526363006
-1.7947373605446248,2.49948730259553
2.767212118842816,-1.320500813597235
-1.5065207356954806,-2.0992477690612086
-2.7960244821283387,-1.1567369403676184
-1.0981989229350786,2.7725997328166057
-1.1266226929998393,-2.8234303164499304
2.992712275797439,-0.06381807468091297
-2.129516621872258,2.200530160815292
1.4772256593611264,-2.7132803832220866
-2.784524552774227,1.2992011525911833
2.5443662893135275,1.847255642517973
2.2427877378599206,2.0342097394318284
1.437654823288982,2.809723133432839
-3.011736601875195,0.01679243211205418
-0.3368459694033574,3.178756091972915
1.152502181885418,2.8230256071486273
-2.223644301524773,1.8755273120962277
-2.8811284414615996,-0.36453533907304175
-2.985039382480277,-0.0663876673452831
2.852753792276333,-0.014759598881428315
-2.303792438236181,1.9341305466341796
0.005730685563499295,3.167615903278816
0.22566373533682332,-2.951156035727009
-2.6696481668101626,1.9031446331823034
3.1710611513096407,0.009590856856930037
-1.072912505996229,-2.9246439008941914
0.38096442475354964,-3.0783074738749274
0.5453383795686559,-2.5004419779440483
0.3209595703221365,-2.8979927145789337
1.6592811454288072,2.513111689828429
-3.0233283424963497,0.806823761545946
1.7193633758238276,-2.5076192086671183
-2.7400954886135716,1.0786302269267127
-2.581654101885782,1.5003332828788982
-1.6430103807297634,2.2758683168121774
2.82486323544378,-1.0951391491870828
-2.5447961904904153,-1.9000240575281457
-0.8343926438492546,2.7796899261521766
2.391228338136874,1.8739907355702954
2.8756001096346204,0.2285533741405747
-2.730418709484822,1.2061131522601427
3.0817463006219468,0.08752635189158381
-1.7906200382364832,2.367083543240518
-2.5896479838160618,-1.701406089148614
-0.03351753477727306,3.0100478121175374
2.801881068578291,-1.2567473593247807
-1.7956449619924055,2.3841357365631786
1.8041766717886343,2.4519351367650257
2.8058263320613004,-1.2600437210173099
1.1510349921607914,-2.631305213518691
-2.9094568422264713,1.0410336902978399
0.6731593001779256,2.7957063334500125
-3.063661928847679,-0.2802760804935968
0.7939601842800224,3.094370557932488
-3.0345899100474543,-1.507952377967593
0.32678751458193656,-2.782155304763876
0.04217049528849849,2.6600357635183487
3.0210670703564677,0.28308604870949955
3.288307939186123,0.5959304831492714
1.295545434873359,2.689674850969059
-2.352757569071717,-2.286415496628153
-2.166868173006483,1.6233085421616804
-2.299192333214076,1.7026729806334935
2.651059403708656,1.2306678976775027
1.8998258325546857,-2.494004860833851
1.067755990551546,-2.7122036873813453
-1.5640697978990146,-2.3871361407085376
-2.1966823495994765,2.61084147513597
2.0779761771354157,1.9636443631785494
0.617280496566064,2.9094841079281655
0.4307886747987044,3.0908875300724903
-0.6132918393622044,2.993095841967339
-0.11179181701615186,2.7251492248334794
-1.2943420905353726,-2.834551429309591
0.6864151734044955,2.913645359263645
2.7758241976109637,-0.942813600290258
3.103761755269904,-0.2605402414366375
-1.5231247180511973,-2.319462933406226
-2.7554513005291903,-1.0567308976736236
2.859689763739937,-0.8356442894182574
1.6085754749430847,-2.4875346464797756
-2.6656301449879964,-1.36268588776498
-2.9747607374484923,0.8084986538147081
-3.0957387672943875,-0.4595084323530705
2.9071783886882656,1.2083612665997592
-0.1561407038664144,-3.0625526970936496
-1.1899980722287937,2.867836986973491
1.9373184044466167,2.327738574831451
-1.3096636987670776,-2.7294733565392493
1.1922604948457405,-2.7559532461867344
-1.2386479674782855,-2.867499707872037
-2.009815881164393,2.05040716343637
2.802469803817384,-0.7349967821466779
2.9851226048438924,0.8696482156378282
-2.785946773334187,0.5747591923167359
3.084265583790473,-0.45775814241592994
-0.5989066561125447,-2.8823276831759617
-2.6579630730635366,-1.5881076756836707
-0.9407419052773943,-2.854338895805159
-0.5274066623487821,2.711520259309936
0.47000215784763044,-2.804545889657204
-1.5258775874620567,-2.4267042363205293
-2.0274365045343523,-1.8700153784893128
2.6572148621414695,1.5230302260829045
-2.2149321432730207,-1.938852412547232
-2.7733343008769706,1.1607420386357112
1.9359181784701731,2.293030058916592
-0.02241993447847636,3.030848447265994
-2.988558213518627,-0.32902804454185136
-2.2091667924061404,-1.9308057339286235
1.4397497543700422,2.6954129989336955
-0.704147366679276,-2.817491160024359
2.8220278727956964,0.6832843543661169
-1.5362531040218628,-2.4965596589561616
-3.0581048446567634,-0.5183815608642307
2.8130456035292726,1.3427875679380419
-2.8344658427677545,-0.4615351168623564
1.1951570743757458,-2.7448178804349936
-2.0208882660970366,2.04619197820938
2.9318775802900543,0.09776901441233041
2.424019641092128,1.6474754744734996
-2.393458247663227,-1.786722305888283
0.40477754379079267,2.9844987670718
2.3015115785462403,1.8142199125411798
-0.3387936533033125,3.0050023734633524
-2.8812203602774784,1.0167010037980093
1.451129575389785,-2.4922135146781095
2.825970678044862,-1.384248015746968
0.8611725350413418,-2.9900540175414148
0.6084652846858576,-2.842629360894388
0.8020411062166158,-3.0719113623849625
-1.905501504775222,2.259740351722386
-0.4103795981289926,-2.99598229866427
-1.7353066294091752,-2.1433283466935733
0.43618971088406916,-2.8558586663825354
2.4765691247991093,1.3522154670825421
1.1516989727883222,2.63565434385026
2.7922824780409092,0.5186193441437487
-2.9445928265501973,-0.3925109783772128
2.682411747758028,0.673462477701336
2.832328111700276,-0.32604016721696016
-2.0941405749168247,1.9863387620065682
-1.8357316426922132,-2.48848155604139
2.2115627413538355,-2.122543811165357
-0.43826941789950036,-3.189802751992056
-2.2941437595727736,-1.7143834590419096
3.0850860823231843,-0.5536988000331727
-2.2411204774585594,1.9334062039769497
-1.6953096338480813,2.4622084659759813
1.5219070642676975,-2.5526579973566426
1.544564656341372,2.3029531851936778
2.823170729911422,-0.5093416400322901
1.6772199702112458,2.427521817981941
2.7852383969991013,1.0573983053951377
2.8075731516897005,1.4303053547590667
-2.3569635847560426,-2.398853212273215
0.8301729805854509,-2.915807707666981
-2.5709405784259687,-1.4682255095106522
-0.0282857147405086,-2.7820977341895774
-2.7226642903535248,1.099484237649559
2.659726777056529,0.5626540059230685
-3.009578785450843,-0.24779116122757472
-2.595589973488182,0.9787038843302885
-3.092034404286769,0.2251028828444944
-1.3592687435225705,-2.6008732175327403
1.2188824997966103,-2.8038938366169517
0.8385831622441232,3.058998393274578
-0.06422503604218088,-2.6905369991483314
1.4848838234863235,2.4945914780403
2.1941540887795146,2.010030174821965
-1.7532907463780405,-2.661081981733839
2.856253992340945,-0.9143773244519832
0.7205236319498339,-2.951346140269205
2.3485142193625492,-2.0378666096086953
1.1917661884720603,2.8150436398234047
-1.8435277118975195,2.02194133702439
-3.0596859825084226,0.5918413209367824
0.9957966744887341,2.6335530292864546
1.419110999248735,-2.722767875694121
-3.0383577125181382,-0.26442582662010733
-1.77129239983091,-2.6330156144583463
2.1216911186693292,-2.0699344111359865
3.0170007436081514,-0.765987694006502
1.578162382429497,-2.7608365259926764
-1.2572908510357528,2.731233250128419
1.3881294684108945,-2.5913214605250556
-1.9190911029807638,2.3193446328724856
-1.884574062101452,2.444207706707931
-2.009835280924966,-2.250045471608086
-0.08892685392335069,-3.1357887883028868
2.110623145249515,2.4412781384370232
-2.8171406563076147,1.0220073310942392
2.906891804300978,-0.9756697740552349
0.9448432437094425,-2.9162533498970795
2.0758039932409087,-2.268344182046378
1.7628021685579573,2.473542040615726
2.2608181860061056,1.6881204217796966
2.818029458440307,-1.3888812512977113
2.0063368350341753,2.6985004475597387
2.240103171862355,-1.4220060908936552
-2.8481082328045044,0.8448566620503629
-3.021718523753863,0.34116144448957775
-1.5852385092149628,-2.4262695134464285
2.643131305527241,-1.3094686826485902
0.22088471757503828,2.796627295463404
-2.3045511245830292,-2.0082027226713186
0.8344444115476991,2.9130669946069725
3.0602105248940266,-0.5969584570626075
2.2994080283929117,1.5711646869029088
2.8578662485222193,0.9562127543706936
-2.028153609901152,-1.9150136682982932
2.7816009427749915,-0.5195685979925578
-1.0620742883052132,-2.7898502358959547
2.885921336492275,0.7615978715324528
0.2771808707256384,2.8584442377625336
-0.5223591854226677,3.0355188187257576
1.0975680188766723,2.9712790019402457
-0.42502689718173925,2.9799926815626443
-2.9800197975941636,-0.675553951070535
1.2875786886510043,-2.8678757073958354
3.261273978704832,0.33535241423470646
-2.910710926680352,1.363823721794273
2.8856235117554228,-0.558011629738971
-1.159866913545624,-2.6454384429029516
-2.961380491532301,0.31271337795472565
1.9715708983368427,2.5304467320057853
3.23753159681451,-0.2994119406701111
2.197060382957526,-2.0846280242207986
-0.8185870296168705,2.994293713950172
-2.091511866214367,-2.3035024237706923
1.5845724135366728,2.6601959440309817
-2.3292460810788653,-1.9923025588172358
-1.9716395855264865,2.350811619889717
-1.2729261600232387,-2.5860447703738507
1.9397192960081138,2.101498691940601
1.747870570447434,2.1827557804875037
0.14372364341715815,3.0236524338726074
2.805395404636334,0.24427225169471167
0.893246142296211,-2.8001742018068043
-0.6235031288158897,-2.7937256155321424
2.5875289910949952,1.609797922259922
-2.696140351043244,-1.309871919336908
2.2402125088524287,1.4267561270405411
-0.916774330210604,2.6848884819139154
1.8157304766313314,2.534497984043103
-0.3484271135225558,2.9134102371714055
-1.7910593661309275,2.6432489943820063
-1.4901658364437869,-2.705604253669915
2.4210595069973784,-1.878734441361835
-2.4845105680795636,1.2210919129702622
2.3513114611101766,-1.7565957205043308
-1.9371455450767003,1.9580530954929833
2.3961803365148784,-1.7028365453023424
-0.7582744750128673,-2.940535042163392
-2.609716194270841,1.3605301539395305
2.9255187769062907,0.18231602112101014
0.43788679260888796,2.84561205068173
1.6926953239300127,2.4863614415350836
2.824466316142603,-0.23797053472170296
0.4547553278440401,-2.928615270896029
0.8277804085052033,-2.929647531227366
-2.608884654661824,-1.4640293206496855
2.1788736281736893,-2.3354774220948844
0.7478756726546772,3.162328175756362
0.35285555958117526,2.9773617017499956
-1.124133149349627,2.5555385939044037
3.0267309550908053,-0.5744036813284783
-1.518225161492394,2.23376342718509
2.3537447731553063,-1.6982711903834335
-0.9282527813079988,-2.807724470277763
-0.5935293540598355,2.9968760066153126
1.406157067767993,-2.5351038413890556
1.9106560040122578,-2.327735469210106
2.5964023163839087,1.6852597230614426
-0.8611512588987467,2.8365354759504537
0.6448477387908138,-2.6844948576364938
2.9582598505519875,0.02698643890008907
-3.0508748059451554,0.1711663636405198
3.0944430276921384,0.03688817106216894
-0.9756175995253009,-2.566858336117712
-2.2333082538132327,-2.046641393312427
-2.511694943896051,-1.4202519509140341
1.3705041790905914,2.675288013378696
3.100987030241525,0.825089044804568
0.6890022196866272,2.9935902067500746
0.2482975579501708,-3.059885663630059
-3.3603712190778645,-0.5386651528807785
-2.4641142025414142,1.6031371545422242
-0.9021653396802591,-2.554858370209635
2.8678027552507506,-0.051909932409844026
-2.2739841211142457,2.1642987860477256
-2.0445477585565293,-1.5635141195785938
-2.024346582520102,2.31608536583744
-2.573804069866563,-1.0131872880106794
-2.178051170295536,-2.2852437635483915
2.9369263446267753,0.584055758335366
2.091959882191826,-2.0326201420040526
-2.71105660664716,-0.683817206399435
2.9538189987126984,0.9009385482291832
2.1216598647337728,-2.1484800037882517
2.5722207270982613,-0.7593090271181194
-0.34575949551878943,2.900016820348031
0.4168557078364236,-2.870837810304149
-1.620158046139388,-2.570918018498408
0.6299090369620648,-2.74194461186225
2.2431511821347203,-1.5200003622331622
1.2103749317247252,2.8032104858923974
-0.09910413510980802,3.06540129649209
1.8124311955799095,2.547546053730707
-1.124282126511804,2.657712235747945
2.8319549747542747,-1.5212874063912023
3.105406115254579,-0.7006621485004866
-1.971682697903064,-2.2402128908902537
-2.2784463470112484,-2.0508415440063663
-2.7482366709147987,1.0562068234240836
2.891954120664614,-1.263127274471301
-2.6490555157192643,0.7795900812790677
2.8976573894491984,-0.15245474564395023
3.1258304785898963,-0.9978924577700401
-2.9493094346965676,0.3747557697847178
2.033092547164482,-2.255233955722135
-0.5771392216131036,2.8465104045638583
-3.064612959838609,-0.3619049467229309
-1.7924669625621024,-2.2394619719439963
0.5854783285154667,2.8557375944570396
2.7154988639184463,-1.093310006031546
-0.24084194715039048,-2.987084447277556
-2.906377687401832,1.0729688049622403
3.009558737791804,0.19781161360382107
0.7890789566818376,-2.8372262846232763
3.0930665625242315,0.4151708580873628
2.8018774841212792,-0.9062697122350976
2.5497313245020736,1.7670318474554119
-2.9977404524528115,0.8017293707987456
1.3261266032039707,-2.887487407625875
-1.5843363392372563,2.679281574075309
1.8711033992491855,-2.320296823622137
1.1810464847031068,2.7469172408379148
-1.2406418589324444,-3.05252833708877
-0.7836671448139676,-2.67089997387852
-1.29492719219379,2.5736189371641953
-1.9876597854906666,-2.2481379316930323
-1.864511447923499,-2.0117374245703443
-2.262092884477808,-1.8762420611188189
2.982619705982525,0.34879840616341656
-0.09208843322354673,3.2390035399113732
1.7929837954770522,-2.587247385772714
1.2367777840265113,2.7710020741245094
-2.7696493912105864,1.1268163138564606
-3.2325627906725707,-0.3871258376567107
1.2082238735937008,2.6385286689008027
-3.0813930476749993,-0.5908776786602968
2.000826989643162,-1.8086044158977799
-0.6237099059233964,2.792728783649947
1.8709322799875694,2.2457074716888115
1.1587095670286212,-3.0689225282425414
-1.8730294251208757,2.2449485930267943
1.7137853086689414,-2.5150984101705722
3.122078657480331,0.0357737857095457
-0.053004882184242104,-2.9144477852184796
-2.939824165984712,0.7748050472243211
1.87870761049543,2.4510344345928243
-2.429196959573873,1.7311376778373846
2.944593487833197,-1.1119381889119515
-3.0502900679626683,-0.30773844855496796
-0.1609637766683561,-3.000694045371123
-2.78329708863493,-0.2831869174253058
-2.666620829656375,0.7910913144816267
-0.48332664216017013,2.880066067411857
2.5638465465904203,-2.029278790905594
-2.0741585686248603,2.1643400055221753
2.351374727948824,-1.750655327767589
-2.34701240902469,1.7820151532427009
2.9480614825128386,1.2263002281608677
-0.8532698264465277,-2.734966348024678
-2.023986780591179,1.9883634562656372
-1.1288176312341756,-2.5678785755800746
-0.7329913501942198,-2.9120365468673475
2.7739480564756995,-0.9331433332561381
2.2779074514663145,1.6500214744594301
2.889919457941048,0.3131254217698833
-2.7361635320884963,1.2471097191513878
0.7366329217987299,-2.807165319237638
-1.191743585162819,-2.802134533258803
-2.7301122936369877,1.5724825305147694
-2.7862660374521955,1.1318193965878234
-2.312258805325634,1.6612644637178744
-0.5660474041978331,-2.8315778451027906
-0.18848866793872757,-3.071316578838145
2.4594896007444937,1.8121859036219554
-2.3996998552501303,-1.7431342578327444
1.9394423531821428,-2.499652835528286
-0.0031524893319506793,3.163749531890212
0.085769105064867,-3.06780150444895
-3.0054885518508914,0.258454631115379
2.5492448223950066,-2.07002746539601
2.073075383116258,2.4278359147677415
0.1560743037732734,3.142386322527698
-0.9867676531543444,-2.9613383303732554
-1.8153059824122961,-2.0922917925274236
1.9896396707712205,2.326348526138083
2.5844917559673766,1.507130075868792
-2.9571300576305006,0.9259232163241694
-2.747195228464505,1.5333974175742027
-2.9527434257268546,1.33580144323764
-0.2712577582164172,2.9890946137942027
0.44623747380189743,-3.1216859891820556
1.8683994404276332,-2.3303350050180898
1.6893990875592764,-2.44596922008733
0.5953119878806477,-2.983641248643487
-1.7767590911508853,-2.601607312341635
3.050829907873102,-1.2012600011945542
2.028101439202803,2.5582610280522182
3.011399647912908,0.8772034582431792
-2.7134351464635036,-0.9267456016646153
-0.4201164137620589,3.097049853613738
-0.5838661355789643,2.953429600017589
-1.687031023263831,2.5699069751819494
0.27478612608646913,2.91713517395699
-1.6915664999183195,2.1420567420886263
-2.0700448039594765,-2.2718632166996566
-2.3082535985617625,2.3195638971067494
1.3591621607881514,-2.8843318366835784
2.7526350540922606,-1.1118858686903907
-0.4484624948588553,3.3092685213820907
1.1495987951371414,-2.7610814991913606
-3.0584079545774,0.5384270104271823
2.793021680535359,-1.7933097128062951
0.8756129488792597,-2.8193947477157355
1.4763299578620221,2.481739758137432
1.7611921092890332,-2.5155310873687378
-2.775577961956279,-1.3832444994207702
-2.7990376160595782,0.08038882187139905
0.9574943734388787,2.5909725780356747
2.3026428057966544,-1.8222970416347493
-0.5312913235556668,-2.9171843947698335
-2.8372580808362784,0.9482667033637192
-3.0187310656414232,-0.8319731659273812
2.412783867524414,-1.9073533420029598
3.0355631996431938,0.081681796791413
-0.08668519455509102,2.9638749661625674
2.7030482331778836,-0.338178173022857
2.4790311365732314,1.6747602878593586
-1.6022392503753973,2.685186136595901
2.9873182820050137,-0.2570867466145067
-1.2333310124372912,2.7135803066009507
-0.872799917999973,-2.9027995478217936
2.998196591199466,0.2656418911498594
-1.6783692972033395,2.5693874765806237
-2.5649004622298297,0.9922814358018073
-2.7579929982144438,-0.6636105257498197
1.0424107211737141,-2.8810530759634383
2.825588429061764,-0.6680463261123405
-2.3123223911938204,-1.9390520509647078
-1.1127191573191018,2.9331829423976465
-1.5021499000857,-2.3072912886565526
-2.990012083417884,0.8991631517591834
2.4205348895103294,1.5008778948808537
-2.728480508477579,-1.7763722497819838
-2.9044615986066504,-0.7378643533354419
-2.882720582724964,-0.2517313323494187
3.101938913990487,0.1852571289658455
-0.9442411517203164,2.7644012685356207
2.85513881811059,0.6842418586380823
-0.2842816744379139,-2.9613825751440874
0.024304734500303012,3.0303191434868744
-2.8774202705990577,-0.8524352443065288
6.383012330531235e-05,-3.000898749724867
-1.8420473927634686,-2.2775103171408166
-1.062784729304173,2.8395114818001788
2.7609552219272593,-1.2516165227059601
0.8450642400087596,2.73538530642749
-2.7154770126785115,-0.9297962459853749
-2.781236095975376,-0.590112729479603
-2.930960133237272,0.4493309170415658
0.4297794928745773,-2.8782284422790285
0.48236212263548894,2.8675274034932934
-1.9534122727595946,2.0403248991697747
-0.6629196905838908,2.612703333584255
-2.937203276662068,-0.3258058875964226
-1.436062830628892,-2.5143685271620653
1.5782271166815671,2.7095922356403994
-3.0144041803702932,0.6527562690599255
0.13284258959545042,2.665848206551688
-0.9740882321970619,2.934511536519888
-0.1314237603708671,3.1038763378973857
-3.0544104218213186,0.1983556515010955
-2.828268397160511,-0.31092901124189937
0.6861317251252452,2.83669566658844
2.932462858975629,-0.835065926232207
2.746860216315414,-0.7025082242951535
-2.081400704362931,2.033290528207099
-2.7287059322754814,-1.4336877175655445
2.9685115039575054,0.6012735854235554
-2.0666272426227343,-1.9440959344643103
2.008267264633751,2.6416682526499677
-2.6591965537204603,1.8330078563659304
2.8168364347222057,1.044275325857116
2.6469591264191163,0.8145199639545916
-1.1025329446946557,-3.100690459803119
0.3121339953136803,2.9716849375627956
0.476334767923687,-3.0441190734716246
0.6727690284303367,-2.8503172324069195
2.9350496952251723,-0.3136742949405562
1.8858663383351935,-2.1944587710953227
2.231762177106475,2.0632090444266495
1.5293401926374899,2.3160805974314504
1.102003960150559,2.707864010286209
-2.7923551170028773,-1.1182903222268405
0.22685711855623694,2.862833501574077
1.9318273693184869,-2.2605673429918824
-2.07958909398479,-2.0391539293279477
-2.7119052327097597,-1.1807780913457302
2.715020436901701,1.0891082361861828
-3.00244185095609,1.008842113641822
2.9166927392147413,1.598039233516501
-3.039486778102348,-0.3351268148551279
-2.9368343527195537,-0.6986266693000723
-3.1571875961094706,0.631465496202454
0.9339930908015431,-3.0997855687471128
-1.0633856160661808,2.949024591290237
-0.8664105621063805,-3.1755450474805325
1.3464285615275353,2.567661279060078
-2.7835243363700712,-0.8191202828019863
2.835979500619258,-1.1598119562959526
3.305955933006391,0.14323313297487936
1.9022011724968197,-1.9082184410168295
-2.6470883865410846,-0.03969613132131328
1.1654048716630252,-2.7247493260485545
-0.27888002167527665,3.070499517288007
-2.5321205145891126,1.5150876486105023
2.049348341507431,2.2253847221922487
-0.0612415249547045,-3.2929371612616416
1.543052729022807,-2.6904295711308697
-0.42053804429370467,-2.769410273126332
-0.44527908831293467,-2.917612341542914
-2.214555715865219,-2.0225632928482544
-2.7192491164326165,-1.3624501368540127
2.9461708380321667,0.0872909972102372
1.97698009369077,-2.339430305195307
2.0235748772169715,-2.4271060196293397
-2.6137237125090476,1.4740069460081144
0.38468819721062025,-3.20957003978762
-0.3381933792025209,3.074217546777986
2.836417053372898,-0.6953517482394761
-1.218157623844587,2.460678934739851
-1.5221271999554111,2.37331764153918
-0.1949573399230407,-3.0055300170622803
2.1847106795662588,1.8539907010361534
-2.3590740959106276,-1.9231545542483914
2.885021238040456,-1.4745690885921219
-2.668164047245328,-0.19932681247925318
3.024848813085517,-0.6124173919683892
-1.127750148954364,2.8058257333159253
2.9175347504345672,-1.105151519248738
-2.174594563191551,-1.9334016632974573
-3.006458901032046,-0.02133344501144586
-1.7860115836425121,2.313563334727183
-2.4626549319015703,-1.7956632188595905
-0.6797176119525503,-3.0300387203133226
-1.6228055034099564,2.5838098883089753
0.9790412146286851,3.032090278229635
2.67116534443596,-1.2041567989257718
-1.940801038431471,-2.187684617762982
2.4500545611736118,1.8210691564869395
2.259412831843202,-2.040440361400404
2.6006430576620554,1.3506762384505946
2.510177454863856,1.1681381073502501
2.962448782332312,-0.7369969396169586
-3.0032064493459725,0.4063156168725631
0.4800512010867316,3.038710579320151
2.6390126628296517,-1.6995371931014571
-0.5905318020156298,2.992039480389191
2.1932920128339077,-1.7683728261796445
-1.2996039653103046,-2.7587550334739257
-1.2107657001767573,-2.758410045802392
-2.4761310148570015,-1.5411941381627354
-2.54715917682101,-1.949913269577911
2.0024952197802803,2.2745795634805654
-2.912791883831012,-0.029973107601366386
-0.6400803203246431,-2.949238738964545
-2.852357746786769,0.08376381390085182
-0.3881753792802529,3.0934556190043625
-2.8318613036282794,0.2841247787190553
-0.838138594532915,2.9200133193643056
-2.877778683494365,1.018623591684926
-3.2725643095219543,0.6295672885222807
-0.09034260077961312,2.9363260987557935
2.664600834659489,-1.2269789308341588
-0.8413956464802361,-2.5350347683632473
1.9150818767550655,-2.4038453762619554
-2.362081378020424,-2.068295430689714
-2.946904505472652,0.5145214329027982
3.057566476091306,-0.6688844163267701
-3.1900054078960336,-0.7203580092449354
-2.302418546438607,-1.823447096949691
-1.4025009472815655,-2.4014868554229047
-1.0764066932553824,-2.764448805666027
1.78042727307791,-2.378997616233469
1.0079495562598912,2.793103175487194
2.817656105511873,-1.5854389189338942
-1.2102205381813698,2.7635295338565005
-1.3901181018455986,-2.8648969791840826
-0.7290675292801139,2.623357268701447
0.141318540078854,-0.11261763807994792
-0.048553908702327446,0.14265021141243808
-0.03321705387127336,-0.1618957889946339
-0.37123208342861347,-0.14977793596143346
0.12892009574744798,-0.03128659276250149
0.10778401747931711,-0.23868480004332596
-0.16547129593933083,-0.02150824232513202
-0.10871582269701827,0.3033959013332705
-0.12871442548661066,-0.14952342742772226
-0.30486719646271054,-0.3475272342240213
-0.05273806363779631,-0.11415963778415919
-0.3469208595895971,0.24904057426312298
-0.026282239179598627,0.24379269708956175
0.1237354056157561,0.1212793496718075
0.02451494461024536,-0.06034481006381374
-0.10462388631059033,-0.4944055257723635
0.13504083382666862,0.23982727793266678
-0.11316989066386728,-0.2655240030790557
0.1344586226258046,0.004991339633618457
0.3502864500850438,0.13235825640335122
-0.2562162044258035,0.06277459564554391
0.0856341377809336,0.15924142192016447
0.15410911936487814,-0.4178379195689586
0.026992507071558883,-0.1231646354270838
-0.1477411565736453,-0.47000876526465885
-0.055578726827859505,-0.17769020946545633
0.06027614879240967,0.6854301286501505
-0.07513430497588024,-0.26673364049475523
-0.12023437651154335,-0.07428885013140366
-0.38390363301677316,-0.38329803850054855
0.34887051833246935,-0.020585472586899033
-0.3357734123800756,0.015464355212613525
0.21809892269880798,-0.26330108714981526
-0.15392858085924663,-0.05820520136849459
-0.020792624769865552,0.39444900298097213
0.04467962822801381,-0.09230896238318809
0.18086291680142427,0.061074838174368366
0.2138338909919591,-0.14614961123238
-0.1941102042533588,-0.16646545033183788
-0.4682226718419572,-0.11144981999847053
-0.07428105369969386,0.08483084928049456
0.26474850820883494,0.2805568771430067
-0.12308793930030194,0.04540963895332086
-0.15557780913937638,0.21140065487518608
0.021101460329838853,-0.14371851903196917
0.31371434365193823,-0.3753584078799277
-0.046905368003602364,-0.18188312915153318
-0.06433298953780539,-0.05191721333039416
0.16243992079141814,-0.06971557092251611
0.08796781335805845,-0.09486634959449118
-0.3527097860653048,-0.045369411002105633
0.16582898370177085,-0.10377040581955185
-0.13826676499990476,0.6526819901790615
0.1439500009164224,0.2802000760624375
0.1316926613429016,-0.10705518871997026
0.07236608457991368,0.14206316336060976
0.026525203165137685,-0.2240804095084912
-0.01512224968905377,-0.2715984194593284
-0.44098667299329003,0.30092960156562615
0.20246916629708642,0.036939706974682525
0.13356483066482594,-0.39662255668076574
0.015834914725200513,0.13155059950132017
-0.17490108397908868,-0.2178834641900544
-6.317090218154248e-06,-0.018199934645860928
0.12261270490042701,0.3021257894990939
0.08187165528261225,0.2089117649734857
0.05113506006316606,0.05498258463809423
-0.1992961997208083,0.2533409568815455
0.014659123239600086,0.10960520421346548
0.18322251582552665,-0.01089662347665077
0.10669153949531188,0.1644491611136635
-0.18476298364524815,-0.1716734933109246
-0.04257298733443851,0.21242807013790305
0.27245029812192884,0.21439892514100362
-0.1924117988804997,0.11505187548166787
0.40926043485764546,-0.013920672673610359
-0.24325714632917697,-0.2703104125729166
0.06649026075287824,0.06067265341959036
0.16851452992681662,-0.33296923764702413
-0.06854529240391477,0.14694127556592657
-0.10003169506095434,-0.08838070552397934
0.26960442821082836,0.08045720357026528
0.1942802459463281,0.11664993368138239
0.04319761774062494,-0.15338279379737838
-0.16473265182440866,-0.48565923239987824
0.20834266720392358,-0.26516197762094357
-0.3183733267988454,0.014072855640462545
-0.009876883184936696,0.27640470864331446
-0.19381295227909018,-0.28959671048798086
-0.06366048310793329,0.05143216680630094
-0.05172908830953169,-0.03891719891290519
0.1704367026505571,0.10442401286828852
0.3109775075646038,0.16876086036804705
0.3061610302877148,-0.3146750281354373
0.09730366500459911,0.11382802919934475
0.29591079831916306,0.19581604989979604
0.2774818679808335,-0.07282419948343735
-0.46005253414099195,-0.18895431173785304
-0.0915864166631758,0.045335002559162826
-0.11972097118193901,-0.3036227157315243
-0.3518116437078064,0.19679969663158717
-0.2594910082771705,-0.0773374215664838
0.11125636937608503,0.16805108505314761
0.056436350703689644,-0.08565052365456031
-0.04273688400764552,0.09654027048181557
-0.3605732520706427,0.26793386361721866
-0.09771864004760668,0.006181584798967115
-0.15505742569145842,-0.04426507518895172
0.08076778234296755,0.1206371367753788
0.2477616547558478,-0.580386986369294
-0.10705980546376545,-0.0033275692680353936
0.015220653376958219,-0.06456767995242994
0.31622138450033277,0.13005960102794706
-0.15377202137992757,-0.24096889659468632
-0.1054689689954839,0.06696017823591215
-0.14518334619114784,-0.24799832138420422
-0.13784980127230634,0.081544941855291
0.30263003153983464,-0.1594540585487826
0.10218153614943118,-0.12865259049026917
0.2042831026493177,-0.10085660127092885
0.15883882090857468,-0.11404025027318196
-0.07368131971916965,-0.2158976893358068
0.2152624216254307,0.21417818445484413
0.1853845309174869,-0.11139062385432694
0.003026418915822643,0.023392404122507822
0.0388645182390926,-0.10664556727552614
0.1482383611578944,-0.12959721300835372
-0.12180600782127754,0.283976237219371
0.028488741184102048,0.041024045028932345
0.16949725097880108,0.0033255296096094625
0.06280657039137366,0.23134569864281038
-0.09434798189665121,-0.0442663332550116
-0.09420563695421949,0.1919312840806306
-0.2324524681665845,0.09208378665320542
-0.07237936321645896,0.1593277180583163
0.29768201973159086,-0.08142682580522062
-0.105258394145972,0.02229335294380414
-0.327781342706295,0.24338349859402064
-0.4213941508276582,-0.15232579311713348
0.1957177030419764,-0.2277007666917354
0.5557782235717112,0.21535405315407524
0.2988083580369707,0.42074676267933075
0.48802011198927997,-0.08928428130615276
-0.1717432176937087,0.1911470305586457
-0.26018029256373687,0.3425464948429206
-0.3586248685000251,0.08097889740814262
0.47887617009458217,0.2097958561292996
0.054174308454492844,0.2992012208702334
0.24199531906452348,0.062065877605533726
0.3006023591147142,-0.4221456328658307
-0.17281922821040271,0.15279519570522077
-0.06030805383324849,0.01429397995294354
0.10230433430870908,0.14888226942534738
-0.22591279511228796,-0.3425541309048446
0.023280004464376086,-0.11509152327835658
0.18191056546660145,0.1419160170800766
0.2668925299797904,-0.06565939414036207
-0.27822084405594416,0.3855961128376251
0.14181126687781484,0.30456438841754463
-0.11362907265039325,0.036277598374328576
0.09324002213896221,0.166797058674045
-0.04476583147407406,0.42089758433557417
0.20337834872417773,-0.29873937719668636
-0.162608550758278,0.27442309698519174
0.41527923217128554,0.16135318538852875
0.2105401378935308,0.11951511297732424
0.10706304407555549,0.578045267440798
0.09646571588652324,0.18559596937525488
0.23884501593762456,0.29118093463483025
0.3547964174588497,0.12846363094319285
-0.028851889922316687,-0.012283643913824919
-0.30620474230832595,0.22240056005226447
-0.43295353732022046,-0.27474966083032537
-0.22400174742593976,0.104583331374231
0.20096784834653467,-0.07496838905218227
-0.04572246700342775,-0.024997532150118608
-0.032064696375583214,-0.2140402633919626
-0.0022974689823122155,0.09660454903439321
0.20721810302834026,0.29374832699901404
0.17809716407041845,0.1568059595956012
0.053309249706692416,-0.18048021169393275
0.18130674715090242,0.050003812799680095
-0.21027981083211722,0.09480851187262447
-0.047436029866274154,0.17732380825058056
-0.3059766028020545,0.1058169703617157
-0.28677257186546873,-0.11394415434839915
0.242187372257797,-0.1640985032845806
-0.041749901940500336,0.31648737363485135
-0.5421082241905372,-0.06753786007722241
-0.03026567783105296,0.010393184463116668
0.14413651968826105,0.05327621131061014
0.5392819992237695,0.4957273111602973
0.06292281099755541,-0.21597685539049596
-0.242851790796131,0.16656409755484267
0.06123338166965468,0.13185296996625678
-0.0028348787422638718,0.2199782612384383
0.10067766494135136,0.41064385798013775
-0.38944094441497373,0.17096908770746852
-0.1693187439032213,-0.03347109834535788
0.1414129112748146,0.2643173017250994
0.4232290924204492,0.03841059735998442
0.1294324761740606,-0.18845514157303592
0.5811961381787868,0.4148656818384191
0.029398846005944602,0.05653804191971573
0.29904700205677015,-0.4255006304173175
-0.3487114879758305,0.14204127135505126
-0.03899025669435313,-0.09331465323594963
-0.24913440944013548,-0.24557707763295966
-0.14212558925023164,0.1826969851226666
0.2061579392418539,0.22183323084245518
-7.492234522805664e-05,-0.477601863451158
0.45254282583392574,0.07389799720481367
-0.22078154755261545,0.14093104940448545
-0.043779046204740095,0.2865896814264355
0.287366052741909,-0.3401906704941366
-0.19871580842601325,-0.06668129396779099
-0.1594771561174801,0.05909989844793904
-0.4973413548238413,-0.20690372383756184
-0.0502116263359915,0.34333453317577645
0.18890718232605141,0.34982798006998755
0.5423444189342584,-0.09531455827432984
0.3825488267618338,0.5195701695583507
0.4202662482044595,0.1603029118840877
-0.04844730882381936,0.4737426228852603
0.12255075722155842,0.03505019828815114
0.33739183983758475,-0.1085347832904993
0.33726799472798147,0.18848670469390316
0.12799171444608698,-0.20601470303219546
0.467275463026707,-0.026411488415946115
-0.2304313191172447,-0.30274642572865196
-0.25668619187206226,-0.2410532452658093
-0.24800358758189725,0.13406672847252665
-0.005300145859343364,-0.3386328126744032
-0.1386961543566644,-0.24634832227188555
-0.1950496853673555,0.34559687158446056
0.09687308044161366,-0.04893265352344257
0.08695222352144337,0.5930605075342035
0.02665676539396525,0.10616990814506284
-0.030148931006008926,0.0052411662740977595
0.10716109042544501,-0.4592114395233719
0.002044434840253624,0.038675976066894435
-0.06015830198387107,-0.6732699908125532
-0.1318129040428868,0.21157905351433354
0.01525866994911477,0.09520410215459266
-0.1956077865573765,0.19029167658779372
-0.05786016346974583,-0.2242659845212886
-0.08738524964017237,0.21814985498735123
-0.045614832209286804,0.0018422517546677624
-0.20917727145956833,-0.09721854081706487
0.2256713366287452,0.3538965402139395
0.11126358051469007,-0.19877355271726443
0.4012615543462915,-0.18086422240975247
-0.31333057272149906,0.2735900544268278
-0.3474311487448359,-0.22135695271036182
-0.03931607585171035,0.18529115131561966
-0.2758832121003812,0.04116657654228239
0.14437400934801756,-0.31694661279386294
0.31824431898093897,-0.38559226104701266
-0.22781792524758554,0.26138349055026733
0.16647968346269557,0.3046389165014468
0.22150132590041866,0.13861206653532138
-0.013411283472467837,0.03728521470921516
0.012216046225603018,-0.2764462001632302
-1.473573180673544e-05,-0.05321747015449412
0.13903569049361525,0.18705302384276926
0.15926501895336012,0.36827539234593976
0.3619600304685966,0.18313102218066746
-0.21654838760840067,0.2362449486392348
-0.5618770182198394,0.07924559639675043
-0.39017353045190367,0.39869853792245874
-0.4370554657310995,0.1350354037417353
0.029197475500214686,-0.09857109564670641
-0.0583851766106077,-0.5603930443345828
-0.14903682819841957,0.3429060101977537
0.10383471024030014,0.08538073454185037
-0.3219709254493208,0.22465293679661147
-0.004315549462539322,0.16039479504488693
-0.18865090949368687,-0.3046985781737785
-0.24511746213817218,-0.04803881020251355
-0.34739117819468723,0.14771185179737273
-0.2043592044467404,0.05734253237101531
0.1904980705535186,0.3184145970436322
0.08114322718690291,0.04937209457010842
0.11121013532384978,-0.2562219269822543
-0.28951054270960497,0.1088561058649097
0.4506086022084463,-0.4413848578481134
-0.29111685385968095,-0.0352280820649178
-0.2063905716958959,0.3078525556108337
0.24178819765539736,-0.17188348113077004
0.17732504599302845,0.1801522078607198
0.0858600000961287,-0.24151339307257466
0.1589232066329822,0.35861698898564176
0.045817711201827274,-0.24897206718975037
-0.2108932736995023,-0.015285252061208256
0.35498926218364457,-0.48660614064122826
-0.20729811722220348,-0.2129667207527137
-0.12684575263055173,-0.09025557503312472
-0.1450039183752474,0.10637651948933591
-0.4166675788403742,0.358927019086012
-0.06556610910657575,0.2828893568316021
-0.1743937939415689,0.11568126522150311
0.06193811880012427,0.032756372459811986
-0.23926417276414552,0.3249924316136208
0.14377109716102035,-0.1060675304066669
-0.2754436789958552,-0.12587765219308877
0.1329789412774947,0.07813743334791132
-0.35401958623801505,-0.0871492483822535
0.008639667910907594,-0.27836209122338634
0.1236639307236101,-0.4338319454496555
0.08122613837530156,0.5057243522336513
-0.0735165499841992,0.2035922907510441
-0.17558634933410855,-0.23857677504034944
0.02552979338478898,-0.2289688993813975
-0.16337078532090463,-0.04105496369627961
0.022078319982557586,-0.8084888452032887
0.3189466369403043,-0.0349090458359199
-0.2344480429025304,0.2023616291950829
-0.16936040164825042,0.20873519400122476
0.27419037190449613,-0.2963262346894865
-0.13577294921965344,-0.05946248266963463
0.28236118412412425,0.1590002731161388
-0.3471072010287389,-0.04107826076378517
0.010621398693886166,0.2084890077141195
0.14590406010332088,-0.02151565764942706
0.03299475393723573,-0.4346387148126153
-0.18491281091817466,0.32932831283441505
0.023610376645317708,-0.2346708480414858
0.07050393257287547,0.06228555340361887
0.06057055768960234,0.21623497899052985
0.1404535022135635,0.15882139380834584
-0.33995623703769773,-0.22251823259555611
-0.0658162435649884,-0.01877504940407357
0.1280313047111201,-0.37065078799622586
0.17145059423007764,0.30693332024662223
-0.5800982811643026,0.26269800266272963
-0.04453621232021553,0.4109209236329972
0.0007161873477820096,0.10747678527096871
0.005459023848533557,-0.008383202384603
-0.13548465621150244,0.031381436096932024
0.21824168289417079,-0.7579675601065259
0.02755810308718717,-0.11108746706772281
0.13036994504264934,-0.20486641190384022
-0.2109867441060051,0.08971298744329269
-0.03656712118893163,0.25789593340425737
-0.16564972637120015,-0.08213036750764759
-0.05106667346084061,0.19543944435609986
0.250569083583258,-0.6817527977394404
-0.4946428167293374,-0.4288935960945206
-0.05126044539768687,-0.011414911053321174
0.4375639723454217,0.21699237402639626
